{
  "SM125": {
    "Mh": 125.1,
    "Mt": 173.1,
    "FL_action": 2297.667484139407,
    "Numerical_action": 2353.817547422897,
    "Status": 2
  },
  "LowMh": {
    "Mh": 5.0,
    "Mt": 105.0,
    "FL_action": 11327.13339117053,
    "Numerical_action": -1364436.824475072,
    "Status": 3
  }
}
