{
  "SM125": {
    "Numerical_action": 2353.817547422897,
    "Status": 2
  },
  "LowMh": {
    "Numerical_action": -1364436.824475072,
    "Status": 3
  }
}
