{
  "SM125": {
    "FL_action": 2297.667484139407,
    "Status": 2
  },
  "LowMh": {
    "FL_action": 11327.13339117053,
    "Status": 2
  }
}
